feat_a,feat_b,rho
process_id,application_number,
process_id,processing_time_ms,-0.2802774391603356
process_id,http_version,
process_id,status,0.6540016780047745
process_id,num_headers,0.5428327808026128
process_id,vars_size_bytes,-0.3486179724024813
process_id,headers_size_bytes,0.2895416502359632
process_id,response_size_bytes,-0.15517702819182713
process_id,num_vars,0.0998498841977539
process_id,core_switches,0.010649512350409498
process_id,core_number,
application_number,num_vars,
application_number,vars_size_bytes,
application_number,response_size_bytes,
application_number,processing_time_ms,
application_number,http_version,
application_number,status,
application_number,num_headers,
application_number,headers_size_bytes,
application_number,core_switches,
